epoch,binary_crossentropy,dice_coe,loss,val_binary_crossentropy,val_dice_coe,val_loss
0,0.5703365206718445,0.6251680850982666,-0.6251681447029114,1.3349488973617554,0.580628514289856,-0.580628514289856
1,0.2934786379337311,0.8338564038276672,-0.8338566422462463,1.3061305284500122,0.628409743309021,-0.6284096240997314
2,0.26201990246772766,0.8656917214393616,-0.8656917810440063,0.7785640358924866,0.7190031409263611,-0.7190030813217163
3,0.24719452857971191,0.8809886574745178,-0.8809887170791626,0.3140385150909424,0.8380126357078552,-0.8380125164985657
4,0.22900600731372833,0.8905946612358093,-0.8905945420265198,0.3068575859069824,0.8620662689208984,-0.8620662689208984
