epoch,binary_crossentropy,dice_coe,loss,val_binary_crossentropy,val_dice_coe,val_loss
0,0.34495651721954346,0.7235744595527649,-0.7235745787620544,0.8389480710029602,0.03878813609480858,-0.038788143545389175
1,0.25842776894569397,0.8465423583984375,-0.8465423583984375,0.721704363822937,0.24949884414672852,-0.2494988739490509
2,0.21512308716773987,0.873015820980072,-0.873015820980072,0.7387264370918274,0.5660707950592041,-0.5660706758499146
