epoch,binary_crossentropy,dice_coe,loss,val_binary_crossentropy,val_dice_coe,val_loss
0,0.29150110483169556,0.7130535840988159,-0.7130535244941711,1.243978500366211,0.43270984292030334,-0.43270984292030334
1,0.24348099529743195,0.8411455154418945,-0.8411456346511841,1.1359729766845703,0.561992347240448,-0.561992347240448
