epoch,binary_crossentropy,dice_coe,loss
0,0.42030802369117737,0.7450634241104126,-0.7450637221336365
1,0.32985571026802063,0.8439182043075562,-0.8439180850982666
