epoch,binary_crossentropy,dice_coe,loss,val_binary_crossentropy,val_dice_coe,val_loss
0,0.5535265207290649,0.704515814781189,-0.704515814781189,4.604085922241211,0.4844883978366852,-0.4844883978366852
