epoch,binary_crossentropy,dice_coe,loss,val_binary_crossentropy,val_dice_coe,val_loss
0,0.4246062934398651,0.7655744552612305,-0.7655744552612305,0.5672945976257324,0.7138156294822693,-0.7138156294822693
