epoch,binary_crossentropy,dice_coe,loss,val_binary_crossentropy,val_dice_coe,val_loss
0,0.370790034532547,0.7336021661758423,-0.7336021661758423,0.7570722103118896,0.03418203815817833,-0.034182045608758926
1,0.29547956585884094,0.8375306129455566,-0.8375306725502014,0.8097400665283203,0.6138113737106323,-0.6138112545013428
