epoch,binary_crossentropy,dice_coe,loss,val_binary_crossentropy,val_dice_coe,val_loss
0,0.44589459896087646,0.7088835835456848,-0.7088834047317505,2.133237361907959,0.5670068860054016,-0.5670069456100464
1,0.3197232782840729,0.8458844423294067,-0.8458843231201172,1.088479995727539,0.49279627203941345,-0.49279627203941345
