epoch,binary_crossentropy,dice_coe,loss
0,0.47640958428382874,0.7475462555885315,-0.7475462555885315
1,0.3962131440639496,0.8320391774177551,-0.8320391774177551
2,0.36040687561035156,0.8652282953262329,-0.8652282953262329
3,0.3369179368019104,0.881277859210968,-0.881277859210968
