epoch,binary_crossentropy,dice_coe,loss,val_binary_crossentropy,val_dice_coe,val_loss
0,0.4872146248817444,0.7377488017082214,-0.7377488017082214,14.857492446899414,0.19000574946403503,-0.19000574946403503
1,0.398442804813385,0.8303622603416443,-0.8303622603416443,4.25187873840332,0.5914498567581177,-0.5914498567581177
2,0.38483870029449463,0.8561398386955261,-0.8561398386955261,1.0519094467163086,0.7956043481826782,-0.7956043481826782
3,0.36960238218307495,0.8712776899337769,-0.8712776899337769,0.3664282560348511,0.8721111416816711,-0.8721111416816711
4,0.36554771661758423,0.8802091479301453,-0.8802091479301453,0.41973623633384705,0.8773711919784546,-0.8773711919784546
