epoch,binary_crossentropy,dice_coe,loss,val_binary_crossentropy,val_dice_coe,val_loss
0,0.6172349452972412,0.7098650932312012,-0.709865152835846,3.334185838699341,0.5538325905799866,-0.5538326501846313
1,0.33984607458114624,0.8470571637153625,-0.8470573425292969,3.88628888130188,0.5847885608673096,-0.5847885012626648
