epoch,binary_crossentropy,dice_coe,loss,val_binary_crossentropy,val_dice_coe,val_loss
0,0.4913216829299927,0.7357583045959473,-0.7357581257820129,2.375108003616333,0.27897098660469055,-0.27897098660469055
