epoch,binary_crossentropy,dice_coe,loss,val_binary_crossentropy,val_dice_coe,val_loss
0,0.43538352847099304,0.7036281824111938,-0.7036282420158386,4.273795127868652,0.4878808856010437,-0.4878808557987213
1,0.3156432509422302,0.8412359952926636,-0.8412359356880188,1.4367411136627197,0.557742178440094,-0.5577422380447388
