epoch,binary_crossentropy,dice_coe,loss,val_binary_crossentropy,val_dice_coe,val_loss
0,0.3041791021823883,0.6905866861343384,-0.6905866861343384,1.2469205856323242,0.48423805832862854,-0.48423805832862854
1,0.2315881848335266,0.8452537059783936,-0.8452537059783936,1.3477373123168945,0.6043034791946411,-0.6043034791946411
2,0.20084288716316223,0.8731390237808228,-0.8731390237808228,0.8131190538406372,0.7280160188674927,-0.7280160188674927
3,0.1993599683046341,0.8832598328590393,-0.8832598328590393,0.5274069309234619,0.8042710423469543,-0.8042710423469543
4,0.1950538605451584,0.8893057703971863,-0.8893057703971863,0.3294161856174469,0.8438376188278198,-0.8438376188278198
