epoch,binary_crossentropy,dice_coe,loss,val_binary_crossentropy,val_dice_coe,val_loss
0,0.667771577835083,0.6983575224876404,-0.6983574628829956,0.5735945105552673,0.003145810915157199,-0.003145810915157199
