epoch,binary_crossentropy,dice_coe,loss,val_binary_crossentropy,val_dice_coe,val_loss
0,0.7065544724464417,0.6632965803146362,-0.6632965803146362,15.428863525390625,0.37251541018486023,-0.37251541018486023
