epoch,binary_crossentropy,dice_coe,loss,val_binary_crossentropy,val_dice_coe,val_loss
0,0.9046851992607117,0.5381883382797241,-0.5381883978843689,0.5938878059387207,0.013748315162956715,-0.013748315162956715
1,0.25230672955513,0.7879684567451477,-0.787968635559082,1.6436611413955688,0.08288642764091492,-0.08288642019033432
