epoch,binary_crossentropy,dice_coe,loss,val_binary_crossentropy,val_dice_coe,val_loss
0,0.9182306528091431,0.23491989076137543,-0.23491987586021423,1.4548677206039429,0.2219247967004776,-0.2219247817993164
1,1.0746546983718872,0.3356975018978119,-0.3356974720954895,2.901015281677246,0.2633795738220215,-0.2633795738220215
2,0.7450507283210754,0.48325636982917786,-0.48325636982917786,0.29233694076538086,0.3060503602027893,-0.3060503602027893
3,0.2992158830165863,0.6565027832984924,-0.6565027832984924,0.30555662512779236,0.08431801199913025,-0.08431801199913025
4,0.1493769735097885,0.7734243273735046,-0.7734243273735046,0.3533775508403778,0.0648978129029274,-0.0648978129029274
5,0.11444110423326492,0.8366546034812927,-0.8366546034812927,0.42344895005226135,0.061163950711488724,-0.061163950711488724
6,0.1150246113538742,0.8652422428131104,-0.8652421832084656,0.4471520483493805,0.15467770397663116,-0.15467770397663116
7,0.11381832510232925,0.881537139415741,-0.881537139415741,0.4844604432582855,0.17976969480514526,-0.17976967990398407
8,0.11614146083593369,0.8892901539802551,-0.8892901539802551,0.5008990168571472,0.2237013727426529,-0.2237013876438141
