epoch,binary_crossentropy,dice_coe,loss,val_binary_crossentropy,val_dice_coe,val_loss
0,0.4982618987560272,0.5928958058357239,-0.5928958058357239,0.9710525870323181,0.4792858064174652,-0.47928586602211
