epoch,binary_crossentropy,dice_coe,loss,val_binary_crossentropy,val_dice_coe,val_loss
0,1.0174802541732788,0.5587636828422546,-0.5587636232376099,0.8056321144104004,0.6219050884246826,-0.6219050884246826
1,0.467747300863266,0.7890310883522034,-0.7890311479568481,0.22152471542358398,0.700222373008728,-0.700222373008728
2,0.44580039381980896,0.817962110042572,-0.8179622292518616,0.19053642451763153,0.7604642510414124,-0.7604642510414124
3,0.34091290831565857,0.8457548022270203,-0.845754861831665,0.14774759113788605,0.8024591207504272,-0.8024590611457825
4,0.3266977369785309,0.8555850982666016,-0.8555850982666016,0.2592194080352783,0.7310667037963867,-0.7310667037963867
