epoch,binary_crossentropy,dice_coe,loss,val_binary_crossentropy,val_dice_coe,val_loss
0,0.6673708558082581,0.6411435604095459,-0.6411436796188354,52.052825927734375,4.3910968088312075e-06,-4.391097263578558e-06
