epoch,binary_crossentropy,dice_coe,loss,val_binary_crossentropy,val_dice_coe,val_loss
0,0.7258881330490112,0.6250497698783875,-0.6250497102737427,2944.612548828125,0.161664679646492,-0.161664679646492
