epoch,binary_crossentropy,dice_coe,loss,val_binary_crossentropy,val_dice_coe,val_loss
0,1.3833065032958984,0.3210926949977875,-0.3210926949977875,5.841607570648193,0.2906031012535095,-0.2906031012535095
1,0.5146196484565735,0.611954927444458,-0.611954927444458,0.8808748126029968,0.6191806793212891,-0.6191806793212891
2,0.24994716048240662,0.7928227782249451,-0.7928227782249451,0.4182201325893402,0.6113616824150085,-0.6113616824150085
3,0.23299060761928558,0.8584533929824829,-0.8584533929824829,0.8405950665473938,0.581709623336792,-0.581709623336792
4,0.2312365025281906,0.8787575960159302,-0.8787575960159302,0.9617733955383301,0.6085485219955444,-0.6085485219955444
5,0.26086121797561646,0.8770759701728821,-0.8770759701728821,17.250417709350586,0.24986383318901062,-0.24986383318901062
