epoch,binary_crossentropy,dice_coe,loss,val_binary_crossentropy,val_dice_coe,val_loss
0,0.5215266346931458,0.6451087594032288,-0.6451088190078735,4.412961006164551,0.0946877971291542,-0.0946878045797348
1,0.3266884982585907,0.8269041180610657,-0.8269040584564209,0.471792608499527,0.7557352781295776,-0.7557352781295776
2,0.2595910429954529,0.8665016293525696,-0.8665015697479248,0.767191469669342,0.7283486723899841,-0.7283486127853394
3,0.22919727861881256,0.8836097717285156,-0.8836097717285156,0.3713453710079193,0.7986047267913818,-0.7986046671867371
