epoch,binary_crossentropy,dice_coe,loss,val_binary_crossentropy,val_dice_coe,val_loss
0,4.737572193145752,0.9839909672737122,-0.9839910268783569,3.23217511177063,0.9995808005332947,-0.9995807409286499
1,7.355230808258057,0.9999892115592957,-0.9999892115592957,4.183340072631836,0.996051549911499,-0.9960516095161438
2,7.558279037475586,0.9999980926513672,-0.9999980926513672,3.7535979747772217,0.9953858852386475,-0.9953859448432922
3,7.62040901184082,0.9999988675117493,-0.9999989867210388,3.810889720916748,0.9961362481117249,-0.9961363077163696
4,7.696907997131348,0.9999993443489075,-0.9999991655349731,3.7403817176818848,0.9967807531356812,-0.9967807531356812
