epoch,binary_crossentropy,dice_coe,loss,val_binary_crossentropy,val_dice_coe,val_loss
0,0.7496175169944763,0.5882936120033264,-0.5882934927940369,0.8303945660591125,0.6026996970176697,-0.6026996970176697
